{"iteration": 0, "iter_time": 14.391576766967773, "data_time": 0.5156717300415039, "lr": 0.0, "wd": 0.04, "mom": 0.994, "last_layer_lr": 0.0, "total_loss": 19.14664077758789, "local_batch_size": 4.0, "global_batch_size": 8.0, "dino_local_crops_loss": 12.496652603149414, "dino_local_loss_weight": 1.0, "dino_global_crops_loss": 12.496166229248047, "koleo_loss": 4.46875, "ibot_loss": 5.757463455200195, "backbone_grad_norm": 0.0, "dino_head_grad_norm": 0.007485903799533844, "ibot_head_grad_norm": 0.08507109433412552}
{"iteration": 10, "iter_time": 2.318723440170288, "data_time": 0.0470142588019371, "lr": 1.767766952966369e-08, "wd": 0.04, "mom": 0.9940000000308431, "last_layer_lr": 0.0, "total_loss": 19.16012954711914, "local_batch_size": 4.0, "global_batch_size": 8.0, "dino_local_crops_loss": 12.496652603149414, "dino_local_loss_weight": 1.0, "dino_global_crops_loss": 12.49614143371582, "koleo_loss": 4.53125, "ibot_loss": 5.757821083068848, "backbone_grad_norm": 0.0, "dino_head_grad_norm": 0.007481763605028391, "ibot_head_grad_norm": 0.007926158607006073}
{"iteration": 20, "iter_time": 1.1187770366668701, "data_time": 0.00013254881196189672, "lr": 3.535533905932738e-08, "wd": 0.04, "mom": 0.9940000001233725, "last_layer_lr": 0.0, "total_loss": 19.156599044799805, "local_batch_size": 4.0, "global_batch_size": 8.0, "dino_local_crops_loss": 12.496650695800781, "dino_local_loss_weight": 1.0, "dino_global_crops_loss": 12.496136665344238, "koleo_loss": 4.515625, "ibot_loss": 5.757867336273193, "backbone_grad_norm": 0.0, "dino_head_grad_norm": 0.007481165695935488, "ibot_head_grad_norm": 0.009007629938423634}
{"iteration": 30, "iter_time": 1.1178998947143555, "data_time": 0.00012452602095436305, "lr": 7.071067811865476e-08, "wd": 0.04, "mom": 0.99400000049349, "last_layer_lr": 0.0, "total_loss": 19.15530776977539, "local_batch_size": 4.0, "global_batch_size": 8.0, "dino_local_crops_loss": 12.496639251708984, "dino_local_loss_weight": 1.0, "dino_global_crops_loss": 12.496038436889648, "koleo_loss": 4.5, "ibot_loss": 5.757871150970459, "backbone_grad_norm": 0.0, "dino_head_grad_norm": 0.007475723046809435, "ibot_head_grad_norm": 0.03701619803905487}
{"iteration": 40, "iter_time": 1.112903356552124, "data_time": 0.0001364231138722971, "lr": 1.0606601717798212e-07, "wd": 0.04, "mom": 0.9940000011103526, "last_layer_lr": 0.0, "total_loss": 19.16008758544922, "local_batch_size": 4.0, "global_batch_size": 8.0, "dino_local_crops_loss": 12.496614456176758, "dino_local_loss_weight": 1.0, "dino_global_crops_loss": 12.495994567871094, "koleo_loss": 4.53125, "ibot_loss": 5.757669448852539, "backbone_grad_norm": 0.0, "dino_head_grad_norm": 0.007464293856173754, "ibot_head_grad_norm": 0.03687090054154396}
{"iteration": 50, "iter_time": 1.1109460592269897, "data_time": 0.0001334547996520996, "lr": 1.4142135623730952e-07, "wd": 0.04, "mom": 0.9940000019739601, "last_layer_lr": 0.0, "total_loss": 19.15561294555664, "local_batch_size": 4.0, "global_batch_size": 8.0, "dino_local_crops_loss": 12.49658203125, "dino_local_loss_weight": 1.0, "dino_global_crops_loss": 12.49599838256836, "koleo_loss": 4.515625, "ibot_loss": 5.757320404052734, "backbone_grad_norm": 0.0, "dino_head_grad_norm": 0.007454018574208021, "ibot_head_grad_norm": 0.041768502444028854}
{"iteration": 60, "iter_time": 1.112994909286499, "data_time": 0.00013104677782393992, "lr": 1.7677669529663687e-07, "wd": 0.04, "mom": 0.9940000030843125, "last_layer_lr": 0.0, "total_loss": 19.156822204589844, "local_batch_size": 4.0, "global_batch_size": 8.0, "dino_local_crops_loss": 12.496543884277344, "dino_local_loss_weight": 1.0, "dino_global_crops_loss": 12.495975494384766, "koleo_loss": 4.515625, "ibot_loss": 5.75761604309082, "backbone_grad_norm": 0.0, "dino_head_grad_norm": 0.007449085358530283, "ibot_head_grad_norm": 0.037681229412555695}
{"iteration": 70, "iter_time": 1.123598337173462, "data_time": 0.00014550685591530055, "lr": 2.1213203435596425e-07, "wd": 0.04, "mom": 0.9940000044414095, "last_layer_lr": 0.0, "total_loss": 19.162334442138672, "local_batch_size": 4.0, "global_batch_size": 8.0, "dino_local_crops_loss": 12.496490478515625, "dino_local_loss_weight": 1.0, "dino_global_crops_loss": 12.495962142944336, "koleo_loss": 4.546875, "ibot_loss": 5.75784158706665, "backbone_grad_norm": 0.0, "dino_head_grad_norm": 0.00740851741284132, "ibot_head_grad_norm": 0.009429632686078548}
{"iteration": 80, "iter_time": 1.125671625137329, "data_time": 0.00014597177505493164, "lr": 2.474873734152916e-07, "wd": 0.04, "mom": 0.9940000060452512, "last_layer_lr": 0.0, "total_loss": 19.160512924194336, "local_batch_size": 4.0, "global_batch_size": 8.0, "dino_local_crops_loss": 12.496434211730957, "dino_local_loss_weight": 1.0, "dino_global_crops_loss": 12.495855331420898, "koleo_loss": 4.53125, "ibot_loss": 5.757739543914795, "backbone_grad_norm": 0.0, "dino_head_grad_norm": 0.007380930706858635, "ibot_head_grad_norm": 0.015422126278281212}
{"iteration": 90, "iter_time": 1.1210641860961914, "data_time": 0.00013537406630348414, "lr": 2.8284271247461903e-07, "wd": 0.04, "mom": 0.9940000078958373, "last_layer_lr": 0.0, "total_loss": 19.156469345092773, "local_batch_size": 4.0, "global_batch_size": 8.0, "dino_local_crops_loss": 12.496374130249023, "dino_local_loss_weight": 1.0, "dino_global_crops_loss": 12.495811462402344, "koleo_loss": 4.515625, "ibot_loss": 5.757159233093262, "backbone_grad_norm": 0.0, "dino_head_grad_norm": 0.007336894981563091, "ibot_head_grad_norm": 0.03900009021162987}
{"iteration": 100, "iter_time": 1.1147770881652832, "data_time": 0.00014045237912796438, "lr": 3.181980515339464e-07, "wd": 0.04, "mom": 0.9940000099931676, "last_layer_lr": 0.0, "total_loss": 19.156469345092773, "local_batch_size": 4.0, "global_batch_size": 8.0, "dino_local_crops_loss": 12.496301651000977, "dino_local_loss_weight": 1.0, "dino_global_crops_loss": 12.495651245117188, "koleo_loss": 4.515625, "ibot_loss": 5.7576494216918945, "backbone_grad_norm": 0.0, "dino_head_grad_norm": 0.007269412744790316, "ibot_head_grad_norm": 0.017886221408843994}
{"iteration": 110, "iter_time": 1.1153614521026611, "data_time": 0.00013916492753196508, "lr": 3.5355339059327374e-07, "wd": 0.04, "mom": 0.9940000123372421, "last_layer_lr": 0.0, "total_loss": 19.15237808227539, "local_batch_size": 4.0, "global_batch_size": 8.0, "dino_local_crops_loss": 12.496219635009766, "dino_local_loss_weight": 1.0, "dino_global_crops_loss": 12.495624542236328, "koleo_loss": 4.5, "ibot_loss": 5.757728576660156, "backbone_grad_norm": 0.0, "dino_head_grad_norm": 0.0071785422042012215, "ibot_head_grad_norm": 0.010352044366300106}
{"iteration": 0, "iter_time": 6.478093147277832, "data_time": 0.5562224388122559, "lr": 0.0, "wd": 0.04, "mom": 0.994, "last_layer_lr": 0.0, "total_loss": 19.153820037841797, "local_batch_size": 4.0, "global_batch_size": 4.0, "dino_local_crops_loss": 12.496699333190918, "dino_local_loss_weight": 1.0, "dino_global_crops_loss": 12.4962158203125, "koleo_loss": 4.5, "ibot_loss": 5.758737087249756, "backbone_grad_norm": 0.0, "dino_head_grad_norm": 0.007818426005542278, "ibot_head_grad_norm": 0.07435718178749084}
{"iteration": 10, "iter_time": 1.662352442741394, "data_time": 0.05070393905043602, "lr": 1.25e-08, "wd": 0.04, "mom": 0.9940000000308431, "last_layer_lr": 0.0, "total_loss": 19.153820037841797, "local_batch_size": 4.0, "global_batch_size": 4.0, "dino_local_crops_loss": 12.496696472167969, "dino_local_loss_weight": 1.0, "dino_global_crops_loss": 12.496198654174805, "koleo_loss": 4.5, "ibot_loss": 5.757943153381348, "backbone_grad_norm": 0.0, "dino_head_grad_norm": 0.00781345833092928, "ibot_head_grad_norm": 0.010890639387071133}
{"iteration": 0, "iter_time": 16.77587127685547, "data_time": 0.585172176361084, "lr": 0.0, "wd": 0.04, "mom": 0.994, "last_layer_lr": 0.0, "total_loss": NaN, "local_batch_size": 4.0, "global_batch_size": 4.0, "dino_local_crops_loss": NaN, "dino_local_loss_weight": 1.0, "dino_global_crops_loss": NaN, "koleo_loss": NaN,